Category,Question,Answer
Pregnancy Symptoms,What are the early signs of pregnancy?,"Common signs include missed periods, nausea, fatigue, and frequent urination."
Pregnancy Symptoms,How soon can I take a pregnancy test?,Pregnancy tests are most accurate after a missed period.
Pregnancy Symptoms,Can you have periods while pregnant?,"Some women experience light spotting, but it is not the same as a period."
Pregnancy Symptoms,What are common pregnancy discomforts in the first trimester?,"Nausea, fatigue, breast tenderness, and mood swings are common."
Pregnancy Symptoms,Is frequent urination an early pregnancy symptom?,"Yes, due to hormonal changes and increased blood flow to the kidneys."
Pregnancy Symptoms,What does implantation bleeding look like?,It is usually light pink or brown spotting that lasts a few days.
Pregnancy Symptoms,Can I have morning sickness at night?,"Yes, nausea can occur at any time of the day."
Pregnancy Symptoms,How does pregnancy affect sleep?,Pregnant women often experience trouble sleeping due to discomfort and frequent urination.
Pregnancy Symptoms,Are mood swings normal in early pregnancy?,"Yes, due to fluctuating hormone levels."
Pregnancy Symptoms,Why do I feel bloated during pregnancy?,"Increased progesterone slows digestion, leading to bloating."
Prenatal Care,When should I schedule my first prenatal visit?,"As soon as you suspect pregnancy, ideally before 8 weeks."
Prenatal Care,How often should I have prenatal checkups?,"Typically every 4 weeks until the third trimester, then more frequently."
Prenatal Care,What tests are done during the first trimester?,"Blood tests, ultrasounds, and genetic screenings are common."
Prenatal Care,Why is folic acid important during pregnancy?,It helps prevent neural tube defects in the baby.
Prenatal Care,Can I continue taking my regular vitamins?,Only take prenatal vitamins recommended by your doctor.
Prenatal Care,What should I ask my doctor at my first prenatal visit?,"Ask about prenatal tests, nutrition, exercise, and medications."
Prenatal Care,Are ultrasounds safe for the baby?,"Yes, they are commonly used to monitor fetal development."
Prenatal Care,How much weight should I gain during pregnancy?,"Weight gain depends on BMI, but generally, 25-35 lbs is recommended."
Prenatal Care,Can I dye my hair while pregnant?,It's best to avoid hair dye during the first trimester.
Prenatal Care,What medications are safe during pregnancy?,Only take medications approved by your doctor.
Nutrition & Diet,What foods should I avoid during pregnancy?,"Avoid raw seafood, unpasteurized dairy, and excessive caffeine."
Nutrition & Diet,How much water should I drink daily while pregnant?,Pregnant women should aim for at least 8-10 glasses of water per day.
Nutrition & Diet,Can I eat sushi while pregnant?,Only cooked sushi is safe. Avoid raw fish due to bacteria risk.
Nutrition & Diet,Are artificial sweeteners safe during pregnancy?,"Some artificial sweeteners are considered safe, but saccharin should be avoided."
Nutrition & Diet,How much caffeine is safe while pregnant?,Limit caffeine intake to 200 mg per day (about one cup of coffee).
Nutrition & Diet,What are the best sources of iron for pregnancy?,"Lean meats, leafy greens, beans, and fortified cereals are good sources."
High-Risk Pregnancy,What makes a pregnancy high-risk?,"Factors include maternal age, pre-existing conditions, and pregnancy history."
High-Risk Pregnancy,How is gestational diabetes managed?,"It is managed through diet, exercise, and sometimes insulin therapy."
High-Risk Pregnancy,What are the risks of high blood pressure in pregnancy?,"It can lead to preeclampsia, preterm birth, and other complications."
Labor & Delivery,What are the signs that labor is near?,"Signs include contractions, water breaking, and cervical dilation."
Labor & Delivery,When should I go to the hospital for labor?,If contractions are 5 minutes apart or you experience heavy bleeding.
Postpartum Health,What are the symptoms of postpartum depression?,"Symptoms include sadness, anxiety, mood swings, and withdrawal."
Breastfeeding,How often should I breastfeed my newborn?,"Newborns typically feed every 2-3 hours, about 8-12 times a day."
Vaccinations & Child Health,What vaccines should my baby receive in the first year?,"Routine vaccines include Hepatitis B, DTP, Polio, MMR, and Pneumococcal vaccines."
Common Pregnancy Myths,Is it true that heartburn means the baby will have lots of hair?,"There is no strong evidence supporting this myth, though some studies suggest a slight correlation."
Pregnancy Symptoms,What are the early signs of pregnancy?,"Common signs include missed periods, nausea, fatigue, and frequent urination."
Pregnancy Symptoms,How soon can I take a pregnancy test?,Pregnancy tests are most accurate after a missed period.
Pregnancy Symptoms,Can you have periods while pregnant?,"Some women experience light spotting, but it is not the same as a period."
Pregnancy Symptoms,What are common pregnancy discomforts in the first trimester?,"Nausea, fatigue, breast tenderness, and mood swings are common."
Pregnancy Symptoms,Is frequent urination an early pregnancy symptom?,"Yes, due to hormonal changes and increased blood flow to the kidneys."
Pregnancy Symptoms,What does implantation bleeding look like?,It is usually light pink or brown spotting that lasts a few days.
Pregnancy Symptoms,Can I have morning sickness at night?,"Yes, nausea can occur at any time of the day."
Pregnancy Symptoms,How does pregnancy affect sleep?,Pregnant women often experience trouble sleeping due to discomfort and frequent urination.
Pregnancy Symptoms,Are mood swings normal in early pregnancy?,"Yes, due to fluctuating hormone levels."
Pregnancy Symptoms,Why do I feel bloated during pregnancy?,"Increased progesterone slows digestion, leading to bloating."
Prenatal Care,When should I schedule my first prenatal visit?,"As soon as you suspect pregnancy, ideally before 8 weeks."
Prenatal Care,How often should I have prenatal checkups?,"Typically every 4 weeks until the third trimester, then more frequently."
Prenatal Care,What tests are done during the first trimester?,"Blood tests, ultrasounds, and genetic screenings are common."
Prenatal Care,Why is folic acid important during pregnancy?,It helps prevent neural tube defects in the baby.
Prenatal Care,Can I continue taking my regular vitamins?,Only take prenatal vitamins recommended by your doctor.
Prenatal Care,What should I ask my doctor at my first prenatal visit?,"Ask about prenatal tests, nutrition, exercise, and medications."
Prenatal Care,Are ultrasounds safe for the baby?,"Yes, they are commonly used to monitor fetal development."
Prenatal Care,How much weight should I gain during pregnancy?,"Weight gain depends on BMI, but generally, 25-35 lbs is recommended."
Prenatal Care,Can I dye my hair while pregnant?,It's best to avoid hair dye during the first trimester.
Prenatal Care,What medications are safe during pregnancy?,Only take medications approved by your doctor.
Nutrition & Diet,What foods should I avoid during pregnancy?,"Avoid raw seafood, unpasteurized dairy, and excessive caffeine."
Nutrition & Diet,How much water should I drink daily while pregnant?,Pregnant women should aim for at least 8-10 glasses of water per day.
Nutrition & Diet,Can I eat sushi while pregnant?,Only cooked sushi is safe. Avoid raw fish due to bacteria risk.
Nutrition & Diet,Are artificial sweeteners safe during pregnancy?,"Some artificial sweeteners are considered safe, but saccharin should be avoided."
Nutrition & Diet,How much caffeine is safe while pregnant?,Limit caffeine intake to 200 mg per day (about one cup of coffee).
Nutrition & Diet,What are the best sources of iron for pregnancy?,"Lean meats, leafy greens, beans, and fortified cereals are good sources."
High-Risk Pregnancy,What makes a pregnancy high-risk?,"Factors include maternal age, pre-existing conditions, and pregnancy history."
High-Risk Pregnancy,How is gestational diabetes managed?,"It is managed through diet, exercise, and sometimes insulin therapy."
High-Risk Pregnancy,What are the risks of high blood pressure in pregnancy?,"It can lead to preeclampsia, preterm birth, and other complications."
Labor & Delivery,What are the signs that labor is near?,"Signs include contractions, water breaking, and cervical dilation."
Labor & Delivery,When should I go to the hospital for labor?,If contractions are 5 minutes apart or you experience heavy bleeding.
Postpartum Health,What are the symptoms of postpartum depression?,"Symptoms include sadness, anxiety, mood swings, and withdrawal."
Breastfeeding,How often should I breastfeed my newborn?,"Newborns typically feed every 2-3 hours, about 8-12 times a day."
Vaccinations & Child Health,What vaccines should my baby receive in the first year?,"Routine vaccines include Hepatitis B, DTP, Polio, MMR, and Pneumococcal vaccines."
Common Pregnancy Myths,Is it true that heartburn means the baby will have lots of hair?,"There is no strong evidence supporting this myth, though some studies suggest a slight correlation."
Pregnancy Symptoms,What are the early signs of pregnancy?,"Common signs include missed periods, nausea, fatigue, and frequent urination."
Pregnancy Symptoms,How soon can I take a pregnancy test?,Pregnancy tests are most accurate after a missed period.
Pregnancy Symptoms,Can you have periods while pregnant?,"Some women experience light spotting, but it is not the same as a period."
Pregnancy Symptoms,What are common pregnancy discomforts in the first trimester?,"Nausea, fatigue, breast tenderness, and mood swings are common."
Pregnancy Symptoms,Is frequent urination an early pregnancy symptom?,"Yes, due to hormonal changes and increased blood flow to the kidneys."
Pregnancy Symptoms,What does implantation bleeding look like?,It is usually light pink or brown spotting that lasts a few days.
Pregnancy Symptoms,Can I have morning sickness at night?,"Yes, nausea can occur at any time of the day."
Pregnancy Symptoms,How does pregnancy affect sleep?,Pregnant women often experience trouble sleeping due to discomfort and frequent urination.
Pregnancy Symptoms,Are mood swings normal in early pregnancy?,"Yes, due to fluctuating hormone levels."
Pregnancy Symptoms,Why do I feel bloated during pregnancy?,"Increased progesterone slows digestion, leading to bloating."
Prenatal Care,When should I schedule my first prenatal visit?,"As soon as you suspect pregnancy, ideally before 8 weeks."
Prenatal Care,How often should I have prenatal checkups?,"Typically every 4 weeks until the third trimester, then more frequently."
Prenatal Care,What tests are done during the first trimester?,"Blood tests, ultrasounds, and genetic screenings are common."
Prenatal Care,Why is folic acid important during pregnancy?,It helps prevent neural tube defects in the baby.
Prenatal Care,Can I continue taking my regular vitamins?,Only take prenatal vitamins recommended by your doctor.
Prenatal Care,What should I ask my doctor at my first prenatal visit?,"Ask about prenatal tests, nutrition, exercise, and medications."
Prenatal Care,Are ultrasounds safe for the baby?,"Yes, they are commonly used to monitor fetal development."
Prenatal Care,How much weight should I gain during pregnancy?,"Weight gain depends on BMI, but generally, 25-35 lbs is recommended."
Prenatal Care,Can I dye my hair while pregnant?,It's best to avoid hair dye during the first trimester.
Prenatal Care,What medications are safe during pregnancy?,Only take medications approved by your doctor.
Nutrition & Diet,What foods should I avoid during pregnancy?,"Avoid raw seafood, unpasteurized dairy, and excessive caffeine."
Nutrition & Diet,How much water should I drink daily while pregnant?,Pregnant women should aim for at least 8-10 glasses of water per day.
Nutrition & Diet,Can I eat sushi while pregnant?,Only cooked sushi is safe. Avoid raw fish due to bacteria risk.
Nutrition & Diet,Are artificial sweeteners safe during pregnancy?,"Some artificial sweeteners are considered safe, but saccharin should be avoided."
Nutrition & Diet,How much caffeine is safe while pregnant?,Limit caffeine intake to 200 mg per day (about one cup of coffee).
Nutrition & Diet,What are the best sources of iron for pregnancy?,"Lean meats, leafy greens, beans, and fortified cereals are good sources."
High-Risk Pregnancy,What makes a pregnancy high-risk?,"Factors include maternal age, pre-existing conditions, and pregnancy history."
High-Risk Pregnancy,How is gestational diabetes managed?,"It is managed through diet, exercise, and sometimes insulin therapy."
High-Risk Pregnancy,What are the risks of high blood pressure in pregnancy?,"It can lead to preeclampsia, preterm birth, and other complications."
Labor & Delivery,What are the signs that labor is near?,"Signs include contractions, water breaking, and cervical dilation."
Labor & Delivery,When should I go to the hospital for labor?,If contractions are 5 minutes apart or you experience heavy bleeding.
Postpartum Health,What are the symptoms of postpartum depression?,"Symptoms include sadness, anxiety, mood swings, and withdrawal."
Breastfeeding,How often should I breastfeed my newborn?,"Newborns typically feed every 2-3 hours, about 8-12 times a day."
Vaccinations & Child Health,What vaccines should my baby receive in the first year?,"Routine vaccines include Hepatitis B, DTP, Polio, MMR, and Pneumococcal vaccines."
Common Pregnancy Myths,Is it true that heartburn means the baby will have lots of hair?,"There is no strong evidence supporting this myth, though some studies suggest a slight correlation."
Pregnancy Symptoms,What are the early signs of pregnancy?,"Common signs include missed periods, nausea, fatigue, and frequent urination."
Pregnancy Symptoms,How soon can I take a pregnancy test?,Pregnancy tests are most accurate after a missed period.
Pregnancy Symptoms,Can you have periods while pregnant?,"Some women experience light spotting, but it is not the same as a period."
Pregnancy Symptoms,What are common pregnancy discomforts in the first trimester?,"Nausea, fatigue, breast tenderness, and mood swings are common."
Pregnancy Symptoms,Is frequent urination an early pregnancy symptom?,"Yes, due to hormonal changes and increased blood flow to the kidneys."
Pregnancy Symptoms,What does implantation bleeding look like?,It is usually light pink or brown spotting that lasts a few days.
Pregnancy Symptoms,Can I have morning sickness at night?,"Yes, nausea can occur at any time of the day."
Pregnancy Symptoms,How does pregnancy affect sleep?,Pregnant women often experience trouble sleeping due to discomfort and frequent urination.
Pregnancy Symptoms,Are mood swings normal in early pregnancy?,"Yes, due to fluctuating hormone levels."
Pregnancy Symptoms,Why do I feel bloated during pregnancy?,"Increased progesterone slows digestion, leading to bloating."
Prenatal Care,When should I schedule my first prenatal visit?,"As soon as you suspect pregnancy, ideally before 8 weeks."
Prenatal Care,How often should I have prenatal checkups?,"Typically every 4 weeks until the third trimester, then more frequently."
Prenatal Care,What tests are done during the first trimester?,"Blood tests, ultrasounds, and genetic screenings are common."
Prenatal Care,Why is folic acid important during pregnancy?,It helps prevent neural tube defects in the baby.
Prenatal Care,Can I continue taking my regular vitamins?,Only take prenatal vitamins recommended by your doctor.
Prenatal Care,What should I ask my doctor at my first prenatal visit?,"Ask about prenatal tests, nutrition, exercise, and medications."
Prenatal Care,Are ultrasounds safe for the baby?,"Yes, they are commonly used to monitor fetal development."
Prenatal Care,How much weight should I gain during pregnancy?,"Weight gain depends on BMI, but generally, 25-35 lbs is recommended."
Prenatal Care,Can I dye my hair while pregnant?,It's best to avoid hair dye during the first trimester.
Prenatal Care,What medications are safe during pregnancy?,Only take medications approved by your doctor.
Nutrition & Diet,What foods should I avoid during pregnancy?,"Avoid raw seafood, unpasteurized dairy, and excessive caffeine."
Nutrition & Diet,How much water should I drink daily while pregnant?,Pregnant women should aim for at least 8-10 glasses of water per day.
Nutrition & Diet,Can I eat sushi while pregnant?,Only cooked sushi is safe. Avoid raw fish due to bacteria risk.
Nutrition & Diet,Are artificial sweeteners safe during pregnancy?,"Some artificial sweeteners are considered safe, but saccharin should be avoided."
Nutrition & Diet,How much caffeine is safe while pregnant?,Limit caffeine intake to 200 mg per day (about one cup of coffee).
Nutrition & Diet,What are the best sources of iron for pregnancy?,"Lean meats, leafy greens, beans, and fortified cereals are good sources."
High-Risk Pregnancy,What makes a pregnancy high-risk?,"Factors include maternal age, pre-existing conditions, and pregnancy history."
High-Risk Pregnancy,How is gestational diabetes managed?,"It is managed through diet, exercise, and sometimes insulin therapy."
High-Risk Pregnancy,What are the risks of high blood pressure in pregnancy?,"It can lead to preeclampsia, preterm birth, and other complications."
Labor & Delivery,What are the signs that labor is near?,"Signs include contractions, water breaking, and cervical dilation."
Labor & Delivery,When should I go to the hospital for labor?,If contractions are 5 minutes apart or you experience heavy bleeding.
Postpartum Health,What are the symptoms of postpartum depression?,"Symptoms include sadness, anxiety, mood swings, and withdrawal."
Breastfeeding,How often should I breastfeed my newborn?,"Newborns typically feed every 2-3 hours, about 8-12 times a day."
Vaccinations & Child Health,What vaccines should my baby receive in the first year?,"Routine vaccines include Hepatitis B, DTP, Polio, MMR, and Pneumococcal vaccines."
Common Pregnancy Myths,Is it true that heartburn means the baby will have lots of hair?,"There is no strong evidence supporting this myth, though some studies suggest a slight correlation."
Pregnancy Symptoms,What are the early signs of pregnancy?,"Common signs include missed periods, nausea, fatigue, and frequent urination."
Pregnancy Symptoms,How soon can I take a pregnancy test?,Pregnancy tests are most accurate after a missed period.
Pregnancy Symptoms,Can you have periods while pregnant?,"Some women experience light spotting, but it is not the same as a period."
Pregnancy Symptoms,What are common pregnancy discomforts in the first trimester?,"Nausea, fatigue, breast tenderness, and mood swings are common."
Pregnancy Symptoms,Is frequent urination an early pregnancy symptom?,"Yes, due to hormonal changes and increased blood flow to the kidneys."
Pregnancy Symptoms,What does implantation bleeding look like?,It is usually light pink or brown spotting that lasts a few days.
Pregnancy Symptoms,Can I have morning sickness at night?,"Yes, nausea can occur at any time of the day."
Pregnancy Symptoms,How does pregnancy affect sleep?,Pregnant women often experience trouble sleeping due to discomfort and frequent urination.
Pregnancy Symptoms,Are mood swings normal in early pregnancy?,"Yes, due to fluctuating hormone levels."
Pregnancy Symptoms,Why do I feel bloated during pregnancy?,"Increased progesterone slows digestion, leading to bloating."
Prenatal Care,When should I schedule my first prenatal visit?,"As soon as you suspect pregnancy, ideally before 8 weeks."
Prenatal Care,How often should I have prenatal checkups?,"Typically every 4 weeks until the third trimester, then more frequently."
Prenatal Care,What tests are done during the first trimester?,"Blood tests, ultrasounds, and genetic screenings are common."
Prenatal Care,Why is folic acid important during pregnancy?,It helps prevent neural tube defects in the baby.
Prenatal Care,Can I continue taking my regular vitamins?,Only take prenatal vitamins recommended by your doctor.
Prenatal Care,What should I ask my doctor at my first prenatal visit?,"Ask about prenatal tests, nutrition, exercise, and medications."
Prenatal Care,Are ultrasounds safe for the baby?,"Yes, they are commonly used to monitor fetal development."
Prenatal Care,How much weight should I gain during pregnancy?,"Weight gain depends on BMI, but generally, 25-35 lbs is recommended."
Prenatal Care,Can I dye my hair while pregnant?,It's best to avoid hair dye during the first trimester.
Prenatal Care,What medications are safe during pregnancy?,Only take medications approved by your doctor.
Nutrition & Diet,What foods should I avoid during pregnancy?,"Avoid raw seafood, unpasteurized dairy, and excessive caffeine."
Nutrition & Diet,How much water should I drink daily while pregnant?,Pregnant women should aim for at least 8-10 glasses of water per day.
Nutrition & Diet,Can I eat sushi while pregnant?,Only cooked sushi is safe. Avoid raw fish due to bacteria risk.
Nutrition & Diet,Are artificial sweeteners safe during pregnancy?,"Some artificial sweeteners are considered safe, but saccharin should be avoided."
Nutrition & Diet,How much caffeine is safe while pregnant?,Limit caffeine intake to 200 mg per day (about one cup of coffee).
Nutrition & Diet,What are the best sources of iron for pregnancy?,"Lean meats, leafy greens, beans, and fortified cereals are good sources."
High-Risk Pregnancy,What makes a pregnancy high-risk?,"Factors include maternal age, pre-existing conditions, and pregnancy history."
High-Risk Pregnancy,How is gestational diabetes managed?,"It is managed through diet, exercise, and sometimes insulin therapy."
High-Risk Pregnancy,What are the risks of high blood pressure in pregnancy?,"It can lead to preeclampsia, preterm birth, and other complications."
Labor & Delivery,What are the signs that labor is near?,"Signs include contractions, water breaking, and cervical dilation."
Labor & Delivery,When should I go to the hospital for labor?,If contractions are 5 minutes apart or you experience heavy bleeding.
Postpartum Health,What are the symptoms of postpartum depression?,"Symptoms include sadness, anxiety, mood swings, and withdrawal."
Breastfeeding,How often should I breastfeed my newborn?,"Newborns typically feed every 2-3 hours, about 8-12 times a day."
Vaccinations & Child Health,What vaccines should my baby receive in the first year?,"Routine vaccines include Hepatitis B, DTP, Polio, MMR, and Pneumococcal vaccines."
Common Pregnancy Myths,Is it true that heartburn means the baby will have lots of hair?,"There is no strong evidence supporting this myth, though some studies suggest a slight correlation."
Pregnancy Symptoms,What are the early signs of pregnancy?,"Common signs include missed periods, nausea, fatigue, and frequent urination."
Pregnancy Symptoms,How soon can I take a pregnancy test?,Pregnancy tests are most accurate after a missed period.
Pregnancy Symptoms,Can you have periods while pregnant?,"Some women experience light spotting, but it is not the same as a period."
Pregnancy Symptoms,What are common pregnancy discomforts in the first trimester?,"Nausea, fatigue, breast tenderness, and mood swings are common."
Pregnancy Symptoms,Is frequent urination an early pregnancy symptom?,"Yes, due to hormonal changes and increased blood flow to the kidneys."
Pregnancy Symptoms,What does implantation bleeding look like?,It is usually light pink or brown spotting that lasts a few days.
Pregnancy Symptoms,Can I have morning sickness at night?,"Yes, nausea can occur at any time of the day."
Pregnancy Symptoms,How does pregnancy affect sleep?,Pregnant women often experience trouble sleeping due to discomfort and frequent urination.
Pregnancy Symptoms,Are mood swings normal in early pregnancy?,"Yes, due to fluctuating hormone levels."
Pregnancy Symptoms,Why do I feel bloated during pregnancy?,"Increased progesterone slows digestion, leading to bloating."
Prenatal Care,When should I schedule my first prenatal visit?,"As soon as you suspect pregnancy, ideally before 8 weeks."
Prenatal Care,How often should I have prenatal checkups?,"Typically every 4 weeks until the third trimester, then more frequently."
Prenatal Care,What tests are done during the first trimester?,"Blood tests, ultrasounds, and genetic screenings are common."
Prenatal Care,Why is folic acid important during pregnancy?,It helps prevent neural tube defects in the baby.
Prenatal Care,Can I continue taking my regular vitamins?,Only take prenatal vitamins recommended by your doctor.
Prenatal Care,What should I ask my doctor at my first prenatal visit?,"Ask about prenatal tests, nutrition, exercise, and medications."
Prenatal Care,Are ultrasounds safe for the baby?,"Yes, they are commonly used to monitor fetal development."
Prenatal Care,How much weight should I gain during pregnancy?,"Weight gain depends on BMI, but generally, 25-35 lbs is recommended."
Prenatal Care,Can I dye my hair while pregnant?,It's best to avoid hair dye during the first trimester.
Prenatal Care,What medications are safe during pregnancy?,Only take medications approved by your doctor.
Nutrition & Diet,What foods should I avoid during pregnancy?,"Avoid raw seafood, unpasteurized dairy, and excessive caffeine."
Nutrition & Diet,How much water should I drink daily while pregnant?,Pregnant women should aim for at least 8-10 glasses of water per day.
Nutrition & Diet,Can I eat sushi while pregnant?,Only cooked sushi is safe. Avoid raw fish due to bacteria risk.
Nutrition & Diet,Are artificial sweeteners safe during pregnancy?,"Some artificial sweeteners are considered safe, but saccharin should be avoided."
Nutrition & Diet,How much caffeine is safe while pregnant?,Limit caffeine intake to 200 mg per day (about one cup of coffee).
Nutrition & Diet,What are the best sources of iron for pregnancy?,"Lean meats, leafy greens, beans, and fortified cereals are good sources."
High-Risk Pregnancy,What makes a pregnancy high-risk?,"Factors include maternal age, pre-existing conditions, and pregnancy history."
High-Risk Pregnancy,How is gestational diabetes managed?,"It is managed through diet, exercise, and sometimes insulin therapy."
High-Risk Pregnancy,What are the risks of high blood pressure in pregnancy?,"It can lead to preeclampsia, preterm birth, and other complications."
Labor & Delivery,What are the signs that labor is near?,"Signs include contractions, water breaking, and cervical dilation."
Labor & Delivery,When should I go to the hospital for labor?,If contractions are 5 minutes apart or you experience heavy bleeding.
Postpartum Health,What are the symptoms of postpartum depression?,"Symptoms include sadness, anxiety, mood swings, and withdrawal."
Breastfeeding,How often should I breastfeed my newborn?,"Newborns typically feed every 2-3 hours, about 8-12 times a day."
Vaccinations & Child Health,What vaccines should my baby receive in the first year?,"Routine vaccines include Hepatitis B, DTP, Polio, MMR, and Pneumococcal vaccines."
Common Pregnancy Myths,Is it true that heartburn means the baby will have lots of hair?,"There is no strong evidence supporting this myth, though some studies suggest a slight correlation."
Pregnancy Symptoms,What are the early signs of pregnancy?,"Common signs include missed periods, nausea, fatigue, and frequent urination."
Pregnancy Symptoms,How soon can I take a pregnancy test?,Pregnancy tests are most accurate after a missed period.
Pregnancy Symptoms,Can you have periods while pregnant?,"Some women experience light spotting, but it is not the same as a period."
Pregnancy Symptoms,What are common pregnancy discomforts in the first trimester?,"Nausea, fatigue, breast tenderness, and mood swings are common."
Pregnancy Symptoms,Is frequent urination an early pregnancy symptom?,"Yes, due to hormonal changes and increased blood flow to the kidneys."
Pregnancy Symptoms,What does implantation bleeding look like?,It is usually light pink or brown spotting that lasts a few days.
Pregnancy Symptoms,Can I have morning sickness at night?,"Yes, nausea can occur at any time of the day."
Pregnancy Symptoms,How does pregnancy affect sleep?,Pregnant women often experience trouble sleeping due to discomfort and frequent urination.
Pregnancy Symptoms,Are mood swings normal in early pregnancy?,"Yes, due to fluctuating hormone levels."
Pregnancy Symptoms,Why do I feel bloated during pregnancy?,"Increased progesterone slows digestion, leading to bloating."
Prenatal Care,When should I schedule my first prenatal visit?,"As soon as you suspect pregnancy, ideally before 8 weeks."
Prenatal Care,How often should I have prenatal checkups?,"Typically every 4 weeks until the third trimester, then more frequently."
Prenatal Care,What tests are done during the first trimester?,"Blood tests, ultrasounds, and genetic screenings are common."
Prenatal Care,Why is folic acid important during pregnancy?,It helps prevent neural tube defects in the baby.
Prenatal Care,Can I continue taking my regular vitamins?,Only take prenatal vitamins recommended by your doctor.
Prenatal Care,What should I ask my doctor at my first prenatal visit?,"Ask about prenatal tests, nutrition, exercise, and medications."
Prenatal Care,Are ultrasounds safe for the baby?,"Yes, they are commonly used to monitor fetal development."
Prenatal Care,How much weight should I gain during pregnancy?,"Weight gain depends on BMI, but generally, 25-35 lbs is recommended."
Prenatal Care,Can I dye my hair while pregnant?,It's best to avoid hair dye during the first trimester.
Prenatal Care,What medications are safe during pregnancy?,Only take medications approved by your doctor.
Nutrition & Diet,What foods should I avoid during pregnancy?,"Avoid raw seafood, unpasteurized dairy, and excessive caffeine."
Nutrition & Diet,How much water should I drink daily while pregnant?,Pregnant women should aim for at least 8-10 glasses of water per day.
Nutrition & Diet,Can I eat sushi while pregnant?,Only cooked sushi is safe. Avoid raw fish due to bacteria risk.
Nutrition & Diet,Are artificial sweeteners safe during pregnancy?,"Some artificial sweeteners are considered safe, but saccharin should be avoided."
Nutrition & Diet,How much caffeine is safe while pregnant?,Limit caffeine intake to 200 mg per day (about one cup of coffee).
Nutrition & Diet,What are the best sources of iron for pregnancy?,"Lean meats, leafy greens, beans, and fortified cereals are good sources."
High-Risk Pregnancy,What makes a pregnancy high-risk?,"Factors include maternal age, pre-existing conditions, and pregnancy history."
High-Risk Pregnancy,How is gestational diabetes managed?,"It is managed through diet, exercise, and sometimes insulin therapy."
High-Risk Pregnancy,What are the risks of high blood pressure in pregnancy?,"It can lead to preeclampsia, preterm birth, and other complications."
Labor & Delivery,What are the signs that labor is near?,"Signs include contractions, water breaking, and cervical dilation."
Labor & Delivery,When should I go to the hospital for labor?,If contractions are 5 minutes apart or you experience heavy bleeding.
Postpartum Health,What are the symptoms of postpartum depression?,"Symptoms include sadness, anxiety, mood swings, and withdrawal."
Breastfeeding,How often should I breastfeed my newborn?,"Newborns typically feed every 2-3 hours, about 8-12 times a day."
Vaccinations & Child Health,What vaccines should my baby receive in the first year?,"Routine vaccines include Hepatitis B, DTP, Polio, MMR, and Pneumococcal vaccines."
Common Pregnancy Myths,Is it true that heartburn means the baby will have lots of hair?,"There is no strong evidence supporting this myth, though some studies suggest a slight correlation."
Pregnancy Symptoms,What are the early signs of pregnancy?,"Common signs include missed periods, nausea, fatigue, and frequent urination."
Pregnancy Symptoms,How soon can I take a pregnancy test?,Pregnancy tests are most accurate after a missed period.
Pregnancy Symptoms,Can you have periods while pregnant?,"Some women experience light spotting, but it is not the same as a period."
Pregnancy Symptoms,What are common pregnancy discomforts in the first trimester?,"Nausea, fatigue, breast tenderness, and mood swings are common."
Pregnancy Symptoms,Is frequent urination an early pregnancy symptom?,"Yes, due to hormonal changes and increased blood flow to the kidneys."
Pregnancy Symptoms,What does implantation bleeding look like?,It is usually light pink or brown spotting that lasts a few days.
Pregnancy Symptoms,Can I have morning sickness at night?,"Yes, nausea can occur at any time of the day."
Pregnancy Symptoms,How does pregnancy affect sleep?,Pregnant women often experience trouble sleeping due to discomfort and frequent urination.
Pregnancy Symptoms,Are mood swings normal in early pregnancy?,"Yes, due to fluctuating hormone levels."
Pregnancy Symptoms,Why do I feel bloated during pregnancy?,"Increased progesterone slows digestion, leading to bloating."
Prenatal Care,When should I schedule my first prenatal visit?,"As soon as you suspect pregnancy, ideally before 8 weeks."
Prenatal Care,How often should I have prenatal checkups?,"Typically every 4 weeks until the third trimester, then more frequently."
Prenatal Care,What tests are done during the first trimester?,"Blood tests, ultrasounds, and genetic screenings are common."
Prenatal Care,Why is folic acid important during pregnancy?,It helps prevent neural tube defects in the baby.
Prenatal Care,Can I continue taking my regular vitamins?,Only take prenatal vitamins recommended by your doctor.
Prenatal Care,What should I ask my doctor at my first prenatal visit?,"Ask about prenatal tests, nutrition, exercise, and medications."
Prenatal Care,Are ultrasounds safe for the baby?,"Yes, they are commonly used to monitor fetal development."
Prenatal Care,How much weight should I gain during pregnancy?,"Weight gain depends on BMI, but generally, 25-35 lbs is recommended."
Prenatal Care,Can I dye my hair while pregnant?,It's best to avoid hair dye during the first trimester.
Prenatal Care,What medications are safe during pregnancy?,Only take medications approved by your doctor.
Nutrition & Diet,What foods should I avoid during pregnancy?,"Avoid raw seafood, unpasteurized dairy, and excessive caffeine."
Nutrition & Diet,How much water should I drink daily while pregnant?,Pregnant women should aim for at least 8-10 glasses of water per day.
Nutrition & Diet,Can I eat sushi while pregnant?,Only cooked sushi is safe. Avoid raw fish due to bacteria risk.
Nutrition & Diet,Are artificial sweeteners safe during pregnancy?,"Some artificial sweeteners are considered safe, but saccharin should be avoided."
Nutrition & Diet,How much caffeine is safe while pregnant?,Limit caffeine intake to 200 mg per day (about one cup of coffee).
Nutrition & Diet,What are the best sources of iron for pregnancy?,"Lean meats, leafy greens, beans, and fortified cereals are good sources."
High-Risk Pregnancy,What makes a pregnancy high-risk?,"Factors include maternal age, pre-existing conditions, and pregnancy history."
High-Risk Pregnancy,How is gestational diabetes managed?,"It is managed through diet, exercise, and sometimes insulin therapy."
High-Risk Pregnancy,What are the risks of high blood pressure in pregnancy?,"It can lead to preeclampsia, preterm birth, and other complications."
Labor & Delivery,What are the signs that labor is near?,"Signs include contractions, water breaking, and cervical dilation."
Labor & Delivery,When should I go to the hospital for labor?,If contractions are 5 minutes apart or you experience heavy bleeding.
Postpartum Health,What are the symptoms of postpartum depression?,"Symptoms include sadness, anxiety, mood swings, and withdrawal."
Breastfeeding,How often should I breastfeed my newborn?,"Newborns typically feed every 2-3 hours, about 8-12 times a day."
Vaccinations & Child Health,What vaccines should my baby receive in the first year?,"Routine vaccines include Hepatitis B, DTP, Polio, MMR, and Pneumococcal vaccines."
Common Pregnancy Myths,Is it true that heartburn means the baby will have lots of hair?,"There is no strong evidence supporting this myth, though some studies suggest a slight correlation."
Pregnancy Symptoms,What are the early signs of pregnancy?,"Common signs include missed periods, nausea, fatigue, and frequent urination."
Pregnancy Symptoms,How soon can I take a pregnancy test?,Pregnancy tests are most accurate after a missed period.
Pregnancy Symptoms,Can you have periods while pregnant?,"Some women experience light spotting, but it is not the same as a period."
Pregnancy Symptoms,What are common pregnancy discomforts in the first trimester?,"Nausea, fatigue, breast tenderness, and mood swings are common."
Pregnancy Symptoms,Is frequent urination an early pregnancy symptom?,"Yes, due to hormonal changes and increased blood flow to the kidneys."
Pregnancy Symptoms,What does implantation bleeding look like?,It is usually light pink or brown spotting that lasts a few days.
Pregnancy Symptoms,Can I have morning sickness at night?,"Yes, nausea can occur at any time of the day."
Pregnancy Symptoms,How does pregnancy affect sleep?,Pregnant women often experience trouble sleeping due to discomfort and frequent urination.
Pregnancy Symptoms,Are mood swings normal in early pregnancy?,"Yes, due to fluctuating hormone levels."
Pregnancy Symptoms,Why do I feel bloated during pregnancy?,"Increased progesterone slows digestion, leading to bloating."
Prenatal Care,When should I schedule my first prenatal visit?,"As soon as you suspect pregnancy, ideally before 8 weeks."
Prenatal Care,How often should I have prenatal checkups?,"Typically every 4 weeks until the third trimester, then more frequently."
Prenatal Care,What tests are done during the first trimester?,"Blood tests, ultrasounds, and genetic screenings are common."
Prenatal Care,Why is folic acid important during pregnancy?,It helps prevent neural tube defects in the baby.
Prenatal Care,Can I continue taking my regular vitamins?,Only take prenatal vitamins recommended by your doctor.
Prenatal Care,What should I ask my doctor at my first prenatal visit?,"Ask about prenatal tests, nutrition, exercise, and medications."
Prenatal Care,Are ultrasounds safe for the baby?,"Yes, they are commonly used to monitor fetal development."
Prenatal Care,How much weight should I gain during pregnancy?,"Weight gain depends on BMI, but generally, 25-35 lbs is recommended."
Prenatal Care,Can I dye my hair while pregnant?,It's best to avoid hair dye during the first trimester.
Prenatal Care,What medications are safe during pregnancy?,Only take medications approved by your doctor.
